title,price
Gaming Mini ITX PC With Starfield Ryzen 7600x Radeon 6750XT 32GB RAM 1TB SSD...,"$1,199.00"
"New ListingSAMA IMO2 MicroATX Gaming PC - Ryzen 5 7600X, RTX 4060Ti, 16 GB RAM, 1TB SSD",$849.00
"SAMA IMO2 MicroATX Gaming PC - Ryzen 5 7600X, RTX 4070, 16 GB RAM, 1TB SSD","$1,349.00"
✅ NEW AMD Ryzen 5 7600X 6-core 12 Thread 4.7GHz (5.3GHz Max Boost) 38MB Cache ✅,$190.00
"AMD Ryzen 5 7600x Processor (5.3 GHz, 6 Cores, LGA 1718/Socket AM5)",$216.00
"NZXT H5 Flow Gaming PC- Ryzen 5 7600X, AMD RX 6950XT, 32 GB RAM, 1TB SSD, 850W","$1,575.00"
"Skytech Gaming PC Desktop ST-SHIVA2-0845-W-AM Ryzen 5 7600X 4.7 GHz, RTX 4060","$1,589.99"
"Meshify Mini 2 Gaming PC- Ryzen 7600X, AMD 6950XT, 32 GB RAM, 1TB SSD, 850W PSU","$1,549.00"
AMD - Ryzen 5 7600X 6-core - 12-Thread 4.7GHz (5.3 GHz Max Boost) Socket AM5 CPU,$209.95
NEW Custom Gaming PC - RTX 3060 - Ryzen 5600X - 32GB+2TB SSD - Desktop Computer,"$579.99 to $1,129.99"
"Clutch Computer Drogon Elite Gaming PC (Ryzen 5 5600x, RX 7600, 16gb RAM, 1tb)","$1,199.99"
"AMD Ryzen 5 7600x Processor (5.3 GHz, 6 Cores, LGA 1718/Socket AM5) Box -...",$177.50
AMD Ryzen 5 7600X R5 7600X AM5 CPU Processor 4.7 GHz 6-Core 12-Thread 32MB 105W,$270.00
#*NEW* - AMD Gaming PC - Ryzen™ 5 7600/64GB/ MSI RX 6600 XT Gaming X 8G,"$1,299.99"
CUSTOM GAMING PC WITH GTX 1060 AND Ryzen 5 3600 ,$409.00
MINI Gaming PC AMD Ryzen 7 5800U with 16GB RAM 512GB SSD WiFi/BT Windows 11 Pro,$400.00
AMD Ryzen 5 7600X 4.7 GHz 6-core Processor 100-100000593WOF,$279.99
AMD Ryzen 5 7600X 4.7GHz 6 Core AM5 Desktop Processor Boxed,$267.54
AMD Ryzen 5 7600X AM5 CPU Processor 4.7 GHz 6-Core 12-Thread 32MB 105W R5 7600X,$270.00
AMD Ryzen 5 7600X - 6-Core 4.7 GHz - Socket AM5 - 105W Desktop Processor,$327.99
AMD 100-100000593WOF Ryzen 5 7000 7600X Hexa-core (6 Core) 4.70 GHz Processor,$341.36
AMD Ryzen 5 2600X 3.6GHz 6Core 12Thr 95W Socket AM4 CPU Processor,$52.00
AMD Ryzen 5 7600X - 6-Core 4.7 GHz - Socket AM5 - 105W Desktop Processor (100-1,$355.26
AMD Ryzen 5 7600X R5 7600X 4.7 GHz 6-Core 12-Thread CPU Processor 5NM L3=32M 100,$691.68
"AMD Ryzen 5 7600x Processor (5.3 GHz, 6 Cores, LGA 1718/Socket AM5)",$299.00
NEW AMD 7600X 100-100000593WOF Ryzen 5 7000 Hexa-core 6 Core 4.70 GHz Processor,$383.13
Minimalist Ryzen 5 5600X Gaming PC 16GB RAM,$320.00
Skytech Shadow Gaming PC Desktop – AMD Ryzen 5 7600X 4.7 ST-SHADOW4-0505-B-AM,"$1,879.99"
Team Group Delta RGB DDR5 32GB (2 x 16GB) 288-Pin PC RAM DDR5 7600 (PC5 60800) D,$253.75
"Mini PC with AMD Ryzen 5 5500U 6C/12T Processor up to 4.0Ghz, 16GB DDR4 512GB SS",$334.99
Mini PC AMD Ryzen R3 R5 R7 Vega 8/10 Graphics 3x4 Output Desktop Support...,$319.03 to $541.18
Lenovo Legion T5 AMD Ryzen 7-5700G with Radeon graphics - 16GB RAM 1TB HDD 256GB,$800.00
RYZEN 7600X MID-RANGE Gaming PC,"$950.00 to $1,450.00"
AMD Ryzen 5 7600X - 6-Core 4.7 GHz - Socket AM5 - 105W Desktop Processor,$332.22
BOX NEW AMD Ryzen 5 7600X 6-Core 4.7GHz CPU 32MB Cache Processor AM5 Socket 95W,$443.90
"Budget Custom Gaming PC - Nvidia RTX 3060 Ti, Ryzen 5 5600X, 1TB, 16GB RAM",$765.00
TRAY NEW AMD Ryzen 5 7600X 6-Core 4.7GHz CPU 32MB Cache Processor AM5 Socket 95W,$326.90
AMD Ryzen 2nd Gen 5 2600 - 3.9 GHz Six Core Processor With OEM Wraith Cooler.,$49.00
ADDLER Laparoscopic Maryland Dissector with Handle 5x330mm Instrument 4 pc,$139.49
5PC X PA03740-K010 Brake Roller Separation for Fujitsu fi-7600 fi-7700 fi-7700S,$109.00
AMD AM4 3rd R5 Ryzen 5 3500X 3.6 GHz(4.1 GHz Turbo) 6-Core PC CPU Processor,$59.55
"AMD Ryzen 5 5600X Desktop Processor (4.6GHz, AM4) Box -... With Stealth cooler",$130.00
"Full gaming setup with PC (Ryzen 5 2600) Monitor, Keyboard and mouse",$544.89
"Gaming PC Starter Bundle (Ryzen 5 5600x, 32gb RAM, X570, 650w PSU)",$375.00
"CORSAIR Gaming PC, Ryzen 5 5600X, 4060TI, 1TB M.2, 16GB RAM, 750W Power","$1,050.00"
"Gaming Desktop PC, AMD Ryzen 5 5600X,16GB, Radeon RX 5300,1TB HDD + 1TB SSD",$538.00
Gaming PC Ryzen 5 1600X  32GB RAM+1TB SSD+512SSD+2TB+GTX 1080 8GB,$299.99
AMD Ryzen 5 5600X 6-Core Processor with Wraith Stealth Cooler - Unlocked,$233.78 to $491.26
AMD Ryzen 5 2600X Processor with Wraith Max RGB LED Cooler YD260XBCAFMAX,$185.99
AMD Ryzen 5 5600X with Noctua NH-L9a-AM4 chromax.Black,$145.00
High End Custom Gaming ITX PC Iridium Series  (7900XTX/4090) (7800X3D/13700K),"$2,324.00 to $3,399.00"
"Custom built Gaming PC Ryzen 7600, Radeon RX 6600, 16GB DDR5, 1TB NVMe, SFF HTPC",$879.00
AMD Ryzen 2nd Gen 5 2600X plus hp omen motherboard ,$150.00
Custom Gaming PC Ryzen 5 2400G (8 x 3.9GHz threads) 16GB DDR4 512GB SSD WIN 10,$295.00
AMD Ryzen 5 2600X Processor with Wraith Spire Cooler - YD260XBCAFBOX,$130.00
Gaming PC AMD Ryzen 9 7950X RX 6800 XT 32GB 64GB 128GB RAM 2TB M.2 850W PSU W 11,"$2,376.41 to $2,504.97"
NEW AMD 100-100001015BOX RYZEN 5 7600 WITH WRAITH STEALTH COOLER,$335.47
ASrock Deskmini X300 Gaming PC Mini PC CPU: Ryzen5,$268.99
AMD Ryzen 5 2600X Processor with Wraith Spire Cooler - YD260XBCAFBOX ,$69.99
"New Listing""High-Performance AMD Ryzen 3 2300X Quad-Core 3.50GHz PC with 8GB RAM and 930GB ",$399.00
CYBERPOWER C SERIES GAMING PC 1TB SSD 16 GB RAM AMD RYZEN 5 1500X QUAD-CORE ,$499.99
